,Target_FullDomain,Mod,Patch_Source,Patch_Type,Source_File
183,AiTaskSeekFoodAndEat.ContinueExecute,xSkills,XSkills.(unknownClass).ContinueExecutePrefix,Prefix,/mnt/data/decompiles/Decompiles/xskills/AiTaskSeekFoodAndEatPatch.cs
184,AiTaskSeekFoodAndEat.ContinueExecute,xSkills,XSkills.AiTaskSeekFoodAndEatPatch.ContinueExecutePrefix,Prefix,/mnt/data/decompiles/Decompiles/xskills/AiTaskSeekFoodAndEatPatch.cs
186,AiTaskSeekFoodAndEat.FinishExecute,xSkills,XSkills.AiTaskSeekFoodAndEatPatch.FinishExecutePrefix,Prefix,/mnt/data/decompiles/Decompiles/xskills/AiTaskSeekFoodAndEatPatch.cs
153,Animation.GenerateFrame,CombatOverhaul,CombatOverhaul.Integration.Transpilers.ElementPosePatches.Transpiler,,/mnt/data/decompiles/Decompiles/Overhaullib/Integration/Transpilers/ElementPosePatches.cs
154,Animation.combatoverhaul,CombatOverhaul,CombatOverhaul.Integration.Transpilers.ElementPosePatches.Transpiler,,/mnt/data/decompiles/Decompiles/Overhaullib/Integration/Transpilers/ElementPosePatches.cs
136,AnimationPatches.GetLocalTransformMatrix,CombatOverhaul,CombatOverhaul.Integration.Transpilers.ClientAnimatorCalculateMatricesPatch.Transpiler,Transpiler,/mnt/data/decompiles/Decompiles/Overhaullib/Integration/Transpilers/CalculateMatricesPatches.cs
137,AnimationPatches.OnFrameInvoke,CombatOverhaul,CombatOverhaul.Integration.Transpilers.ClientAnimatorCalculateMatricesPatch.Transpiler,Transpiler,/mnt/data/decompiles/Decompiles/Overhaullib/Integration/Transpilers/CalculateMatricesPatches.cs
138,AnimationPatches.combatoverhaul,CombatOverhaul,CombatOverhaul.Integration.Transpilers.ClientAnimatorCalculateMatricesPatch.Transpiler,Transpiler,/mnt/data/decompiles/Decompiles/Overhaullib/Integration/Transpilers/CalculateMatricesPatches.cs
188,BarrelRecipe.TryCraftNow,xSkills,XSkills.(unknownClass).Prefix,,/mnt/data/decompiles/Decompiles/xskills/BarrelRecipePatch.cs
190,BarrelRecipe.TryCraftNow,xSkills,XSkills.BarrelRecipePatch.Postfix,,/mnt/data/decompiles/Decompiles/xskills/BarrelRecipePatch.cs
189,BarrelRecipe.TryCraftNow,xSkills,XSkills.BarrelRecipePatch.Prefix,,/mnt/data/decompiles/Decompiles/xskills/BarrelRecipePatch.cs
181,Block.OnGettingBroken,xSkills,XLib.XEffects.(unknownClass).Prefix,,/mnt/data/decompiles/Decompiles/xlib/XEffects/BlockOnGettingBrokenPatch.cs
2,BlockBehavior.GetMiningSpeedModifier,LevelUp,LevelUP.Shared.OverwriteBlockBreak.GetMiningSpeedModifier,Postfix,/mnt/data/decompiles/Decompiles/LevelUP/Shared/OverwriteBlockBreak.cs
110,BlockBehavior.GetMiningSpeedModifier,LevelUp,LevelUP.Shared.OverwriteBlockInteraction.GetMiningSpeedModifier,Postfix,/mnt/data/decompiles/Decompiles/LevelUP/Shared/OverwriteBlockInteraction.cs
191,BlockBehavior.OnBlockExploded,xSkills,XSkills.(unknownClass).OnBlockExplodedPrefix,Prefix,/mnt/data/decompiles/Decompiles/xskills/BlockBehaivorPatch.cs
192,BlockBehavior.OnBlockExploded,xSkills,XSkills.BlockBehaivorPatch.OnBlockExplodedPrefix,Prefix,/mnt/data/decompiles/Decompiles/xskills/BlockBehaivorPatch.cs
111,BlockBehavior._miningspeed,LevelUp,LevelUP.Shared.OverwriteBlockInteraction.GetMiningSpeedModifier,Postfix,/mnt/data/decompiles/Decompiles/LevelUP/Shared/OverwriteBlockInteraction.cs
194,BlockBehaviorBlockEntityInteract.OnBlockInteractStart,xSkills,XSkills.(unknownClass).Prefix,,/mnt/data/decompiles/Decompiles/xskills/BlockBehaviorBlockEntityInteractPatch.cs
195,BlockBehaviorBlockEntityInteract.OnBlockInteractStart,xSkills,XSkills.BlockBehaviorBlockEntityInteractPatch.Prefix,,/mnt/data/decompiles/Decompiles/xskills/BlockBehaviorBlockEntityInteractPatch.cs
37,BlockBehaviorHarvestable.Farming,LevelUp,LevelUP.Shared.OverwriteBlockInteraction.OnBlockInteractStopStart,Prefix,/mnt/data/decompiles/Decompiles/LevelUP/Shared/OverwriteBlockInteraction.cs
38,BlockBehaviorHarvestable.OnBlockInteractStop,LevelUp,LevelUP.Shared.OverwriteBlockInteraction.OnBlockInteractStopStart,Prefix,/mnt/data/decompiles/Decompiles/LevelUP/Shared/OverwriteBlockInteraction.cs
39,BlockBehaviorHarvestable.forageDropRate,LevelUp,LevelUP.Shared.OverwriteBlockInteraction.OnBlockInteractStopStart,Prefix,/mnt/data/decompiles/Decompiles/LevelUP/Shared/OverwriteBlockInteraction.cs
31,BlockBerryBush.Farming,LevelUp,LevelUP.Shared.OverwriteBlockInteraction.GetDropsBerryBushFinish,Prefix,/mnt/data/decompiles/Decompiles/LevelUP/Shared/OverwriteBlockInteraction.cs
32,BlockBerryBush.GetDrops,LevelUp,LevelUP.Shared.OverwriteBlockInteraction.GetDropsBerryBushFinish,Prefix,/mnt/data/decompiles/Decompiles/LevelUP/Shared/OverwriteBlockInteraction.cs
33,BlockBerryBush.Till,LevelUp,LevelUP.Shared.OverwriteBlockInteraction.GetDropsBerryBushFinish,Prefix,/mnt/data/decompiles/Decompiles/LevelUP/Shared/OverwriteBlockInteraction.cs
196,BlockBloomery.OnBlockInteractStart,xSkills,XSkills.(unknownClass).Prefix,,/mnt/data/decompiles/Decompiles/xskills/BlockBloomeryPatch.cs
197,BlockBloomery.OnBlockInteractStart,xSkills,XSkills.BlockBloomeryPatch.Prefix,,/mnt/data/decompiles/Decompiles/xskills/BlockBloomeryPatch.cs
198,BlockBomb.OnBlockExploded,xSkills,XSkills.(unknownClass).Postfix,,/mnt/data/decompiles/Decompiles/xskills/BlockBombPatch.cs
199,BlockBomb.OnBlockExploded,xSkills,XSkills.BlockBombPatch.Postfix,,/mnt/data/decompiles/Decompiles/xskills/BlockBombPatch.cs
200,BlockCharcoalPile,xSkills,XSkills.(unknownClass).Prepare,,/mnt/data/decompiles/Decompiles/xskills/BlockCharcoalPilePatch.cs
201,BlockCharcoalPile.OnBlockBroken,xSkills,XSkills.BlockCharcoalPilePatch.OnBlockBrokenPostfix,Postfix,/mnt/data/decompiles/Decompiles/xskills/BlockCharcoalPilePatch.cs
203,BlockContainer.SetContents,xSkills,XSkills.(unknownClass).SetContentsPrefix,Prefix,/mnt/data/decompiles/Decompiles/xskills/BlockContainerPatch.cs
204,BlockContainer.SetContents,xSkills,XSkills.BlockContainerPatch.SetContentsPrefix,Prefix,/mnt/data/decompiles/Decompiles/xskills/BlockContainerPatch.cs
225,BlockCookedContainer.GetHeldItemInfo,xSkills,XSkills.(unknownClass).GetHeldItemInfoPostfix,Postfix,/mnt/data/decompiles/Decompiles/xskills/BlockCookedContainerPatch.cs
226,BlockCookedContainer.GetHeldItemInfo,xSkills,XSkills.BlockCookedContainerPatch.GetHeldItemInfoPostfix,Postfix,/mnt/data/decompiles/Decompiles/xskills/BlockCookedContainerPatch.cs
228,BlockCookedContainer.GetHeldItemInfo,xSkills,XSkills.BlockCookedContainerPatch.OnPickBlockPostfix,Postfix,/mnt/data/decompiles/Decompiles/xskills/BlockCookedContainerPatch.cs
229,BlockCookedContainer.OnPickBlock,xSkills,XSkills.BlockCookedContainerPatch.OnPickBlockPostfix,Postfix,/mnt/data/decompiles/Decompiles/xskills/BlockCookedContainerPatch.cs
221,BlockCookedContainerBase.GetContainedInfo,xSkills,XSkills.BlockCookedContainerBasePatch.GetContainedInfoPostfix,Postfix,/mnt/data/decompiles/Decompiles/xskills/BlockCookedContainerBasePatch.cs
206,BlockCookedContainerBase.ServeIntoBowl,xSkills,XSkills.(unknownClass).ServeIntoBowlPrefix,Prefix,/mnt/data/decompiles/Decompiles/xskills/BlockCookedContainerBasePatch.cs
209,BlockCookedContainerBase.ServeIntoBowl,xSkills,XSkills.BlockCookedContainerBasePatch.ServeIntoBowlPostfix,Postfix,/mnt/data/decompiles/Decompiles/xskills/BlockCookedContainerBasePatch.cs
207,BlockCookedContainerBase.ServeIntoBowl,xSkills,XSkills.BlockCookedContainerBasePatch.ServeIntoBowlPrefix,Prefix,/mnt/data/decompiles/Decompiles/xskills/BlockCookedContainerBasePatch.cs
217,BlockCookedContainerBase.ServeIntoStack,xSkills,XSkills.BlockCookedContainerBasePatch.ServeIntoStackPostfix,Postfix,/mnt/data/decompiles/Decompiles/xskills/BlockCookedContainerBasePatch.cs
213,BlockCookedContainerBase.ServeIntoStack,xSkills,XSkills.BlockCookedContainerBasePatch.ServeIntoStackPrefix,Prefix,/mnt/data/decompiles/Decompiles/xskills/BlockCookedContainerBasePatch.cs
222,BlockCookedContainerBase.quality,xSkills,XSkills.BlockCookedContainerBasePatch.GetContainedInfoPostfix,Postfix,/mnt/data/decompiles/Decompiles/xskills/BlockCookedContainerBasePatch.cs
210,BlockCookedContainerBase.quality,xSkills,XSkills.BlockCookedContainerBasePatch.ServeIntoBowlPostfix,Postfix,/mnt/data/decompiles/Decompiles/xskills/BlockCookedContainerBasePatch.cs
218,BlockCookedContainerBase.quality,xSkills,XSkills.BlockCookedContainerBasePatch.ServeIntoStackPostfix,Postfix,/mnt/data/decompiles/Decompiles/xskills/BlockCookedContainerBasePatch.cs
214,BlockCookedContainerBase.quality,xSkills,XSkills.BlockCookedContainerBasePatch.ServeIntoStackPrefix,Prefix,/mnt/data/decompiles/Decompiles/xskills/BlockCookedContainerBasePatch.cs
232,BlockCookingContainer,xSkills,XSkills.(unknownClass).Prepare,,/mnt/data/decompiles/Decompiles/xskills/BlockCookingContainerPatch.cs
233,BlockCookingContainer.CanSmelt,xSkills,XSkills.BlockCookingContainerPatch.CanSmeltPrefix,Prefix,/mnt/data/decompiles/Decompiles/xskills/BlockCookingContainerPatch.cs
237,BlockCookingContainer.DoSmelt,xSkills,XSkills.BlockCookingContainerPatch.DoSmeltPostfix,Prefix Postfix,/mnt/data/decompiles/Decompiles/xskills/BlockCookingContainerPatch.cs
238,BlockCookingContainer.DoSmelt,xSkills,XSkills.BlockCookingContainerPatch.DoSmeltPostfix,Postfix,/mnt/data/decompiles/Decompiles/xskills/BlockCookingContainerPatch.cs
235,BlockCookingContainer.DoSmelt,xSkills,XSkills.BlockCookingContainerPatch.DoSmeltPrefix,Prefix,/mnt/data/decompiles/Decompiles/xskills/BlockCookingContainerPatch.cs
236,BlockCookingContainer.DoSmelt,xSkills,XSkills.BlockCookingContainerPatch.DoSmeltPrefix,Prefix Postfix,/mnt/data/decompiles/Decompiles/xskills/BlockCookingContainerPatch.cs
241,BlockCookingContainer.GetOutputText,xSkills,XSkills.BlockCookingContainerPatch.GetOutputTextPostfix,Prefix Postfix,/mnt/data/decompiles/Decompiles/xskills/BlockCookingContainerPatch.cs
242,BlockCookingContainer.GetOutputText,xSkills,XSkills.BlockCookingContainerPatch.GetOutputTextPostfix,Postfix,/mnt/data/decompiles/Decompiles/xskills/BlockCookingContainerPatch.cs
239,BlockCookingContainer.GetOutputText,xSkills,XSkills.BlockCookingContainerPatch.GetOutputTextPrefix,Prefix,/mnt/data/decompiles/Decompiles/xskills/BlockCookingContainerPatch.cs
240,BlockCookingContainer.GetOutputText,xSkills,XSkills.BlockCookingContainerPatch.GetOutputTextPrefix,Prefix Postfix,/mnt/data/decompiles/Decompiles/xskills/BlockCookingContainerPatch.cs
246,BlockCrock.GetPlacedBlockInfo,xSkills,XSkills.BlockCrockPatch.GetPlacedBlockInfoPostfix,Postfix,/mnt/data/decompiles/Decompiles/xskills/BlockCrockPatch.cs
257,BlockCrock.OnContainedInteractStart,xSkills,XSkills.BlockCrockPatch.OnContainedInteractStart,Prefix Postfix,/mnt/data/decompiles/Decompiles/xskills/BlockCrockPatch.cs
259,BlockCrock.OnContainedInteractStart,xSkills,XSkills.BlockCrockPatch.OnContainedInteractStart,Postfix,/mnt/data/decompiles/Decompiles/xskills/BlockCrockPatch.cs
252,BlockCrock.OnContainedInteractStart,xSkills,XSkills.BlockCrockPatch.OnContainedInteractStartPrefix,Prefix,/mnt/data/decompiles/Decompiles/xskills/BlockCrockPatch.cs
255,BlockCrock.OnContainedInteractStart,xSkills,XSkills.BlockCrockPatch.OnContainedInteractStartPrefix,Prefix Postfix,/mnt/data/decompiles/Decompiles/xskills/BlockCrockPatch.cs
250,BlockCrock.OnCreatedByCrafting,xSkills,XSkills.BlockCrockPatch.OnCreatedByCraftingPostfix,Postfix,/mnt/data/decompiles/Decompiles/xskills/BlockCrockPatch.cs
243,BlockCrock.OnPickBlock,xSkills,XSkills.(unknownClass).OnPickBlockPostfix,Postfix,/mnt/data/decompiles/Decompiles/xskills/BlockCrockPatch.cs
247,BlockCrock.OnPickBlock,xSkills,XSkills.BlockCrockPatch.GetPlacedBlockInfoPostfix,Postfix,/mnt/data/decompiles/Decompiles/xskills/BlockCrockPatch.cs
244,BlockCrock.OnPickBlock,xSkills,XSkills.BlockCrockPatch.OnPickBlockPostfix,Postfix,/mnt/data/decompiles/Decompiles/xskills/BlockCrockPatch.cs
253,BlockCrock.quality,xSkills,XSkills.BlockCrockPatch.OnContainedInteractStartPrefix,Prefix,/mnt/data/decompiles/Decompiles/xskills/BlockCrockPatch.cs
258,BlockCrock.sealed,xSkills,XSkills.BlockCrockPatch.OnContainedInteractStart,Prefix Postfix,/mnt/data/decompiles/Decompiles/xskills/BlockCrockPatch.cs
260,BlockCrock.sealed,xSkills,XSkills.BlockCrockPatch.OnContainedInteractStart,Postfix,/mnt/data/decompiles/Decompiles/xskills/BlockCrockPatch.cs
254,BlockCrock.sealed,xSkills,XSkills.BlockCrockPatch.OnContainedInteractStartPrefix,Prefix,/mnt/data/decompiles/Decompiles/xskills/BlockCrockPatch.cs
256,BlockCrock.sealed,xSkills,XSkills.BlockCrockPatch.OnContainedInteractStartPrefix,Prefix Postfix,/mnt/data/decompiles/Decompiles/xskills/BlockCrockPatch.cs
20,BlockCrop.GetDrops,LevelUp,LevelUP.Shared.OverwriteBlockBreak.GetDrops,Postfix,/mnt/data/decompiles/Decompiles/LevelUP/Shared/OverwriteBlockBreak.cs
21,BlockCrop.LevelUP_Level_Pickaxe,LevelUp,LevelUP.Shared.OverwriteBlockBreak.GetDrops,Postfix,/mnt/data/decompiles/Decompiles/LevelUP/Shared/OverwriteBlockBreak.cs
51,BlockEntityAnvil.CheckIfFinished,LevelUp,LevelUP.Shared.OverwriteBlockInteraction.CheckIfFinished,Prefix,/mnt/data/decompiles/Decompiles/LevelUP/Shared/OverwriteBlockInteraction.cs
53,BlockEntityAnvil.Hammer,LevelUp,LevelUP.Shared.OverwriteBlockInteraction.typeof,Prefix,/mnt/data/decompiles/Decompiles/LevelUP/Shared/OverwriteBlockInteraction.cs
54,BlockEntityAnvil.Hit,LevelUp,LevelUP.Shared.OverwriteBlockInteraction.typeof,Prefix,/mnt/data/decompiles/Decompiles/LevelUP/Shared/OverwriteBlockInteraction.cs
55,BlockEntityAnvil.OnUseOver,LevelUp,LevelUP.Shared.OverwriteBlockInteraction.typeof,Prefix,/mnt/data/decompiles/Decompiles/LevelUP/Shared/OverwriteBlockInteraction.cs
261,BlockEntityBarrel.OnReceivedClientPacket,xSkills,XSkills.(unknownClass).Postfix,,/mnt/data/decompiles/Decompiles/xskills/BlockEntityBarrelPatch.cs
262,BlockEntityBarrel.OnReceivedClientPacket,xSkills,XSkills.BlockEntityBarrelPatch.Postfix,,/mnt/data/decompiles/Decompiles/xskills/BlockEntityBarrelPatch.cs
266,BlockEntityBed.DidUnmount,xSkills,XSkills.BlockEntityBedPatch.Postfix,,/mnt/data/decompiles/Decompiles/xskills/BlockEntityBedPatch.cs
263,BlockEntityBed.RestPlayer,xSkills,XSkills.(unknownClass).Prefix,,/mnt/data/decompiles/Decompiles/xskills/BlockEntityBedPatch.cs
264,BlockEntityBed.RestPlayer,xSkills,XSkills.BlockEntityBedPatch.Prefix,,/mnt/data/decompiles/Decompiles/xskills/BlockEntityBedPatch.cs
265,BlockEntityBed.XSkillsPlayer,xSkills,XSkills.BlockEntityBedPatch.Prefix,,/mnt/data/decompiles/Decompiles/xskills/BlockEntityBedPatch.cs
267,BlockEntityBed.tiredness,xSkills,XSkills.BlockEntityBedPatch.Postfix,,/mnt/data/decompiles/Decompiles/xskills/BlockEntityBedPatch.cs
268,BlockEntityBeeHiveKiln,xSkills,XSkills.(unknownClass).Prepare,,/mnt/data/decompiles/Decompiles/xskills/BlockEntityBeeHiveKilnPatch.cs
275,BlockEntityBeeHiveKiln.ConvertItemToBurned,xSkills,XSkills.BlockEntityBeeHiveKilnPatch.ConvertItemToBurnedPostfix,Postfix,/mnt/data/decompiles/Decompiles/xskills/BlockEntityBeeHiveKilnPatch.cs
277,BlockEntityBeeHiveKiln.FromTreeAttributes,xSkills,XSkills.BlockEntityBeeHiveKilnPatch.FromTreeAttributesPostfix,Postfix,/mnt/data/decompiles/Decompiles/xskills/BlockEntityBeeHiveKilnPatch.cs
273,BlockEntityBeeHiveKiln.GetBlockInfo,xSkills,XSkills.BlockEntityBeeHiveKilnPatch.GetBlockInfoPostfix,Postfix,/mnt/data/decompiles/Decompiles/xskills/BlockEntityBeeHiveKilnPatch.cs
269,BlockEntityBeeHiveKiln.Interact,xSkills,XSkills.BlockEntityBeeHiveKilnPatch.InteractPostfix,Postfix,/mnt/data/decompiles/Decompiles/xskills/BlockEntityBeeHiveKilnPatch.cs
281,BlockEntityBeeHiveKiln.ToTreeAttributes,xSkills,XSkills.BlockEntityBeeHiveKilnPatch.ToTreeAttributesPostfix,Postfix,/mnt/data/decompiles/Decompiles/xskills/BlockEntityBeeHiveKilnPatch.cs
278,BlockEntityBeeHiveKiln.owner,xSkills,XSkills.BlockEntityBeeHiveKilnPatch.FromTreeAttributesPostfix,Postfix,/mnt/data/decompiles/Decompiles/xskills/BlockEntityBeeHiveKilnPatch.cs
270,BlockEntityBeeHiveKiln.pottery,xSkills,XSkills.BlockEntityBeeHiveKilnPatch.InteractPostfix,Postfix,/mnt/data/decompiles/Decompiles/xskills/BlockEntityBeeHiveKilnPatch.cs
283,BlockEntityButcherWorkstationPatch.DropLoot,xSkills,XSkills.BlockEntityButcherWorkstationPatch.DropLootPrefix,Prefix,/mnt/data/decompiles/Decompiles/xskills/BlockEntityButcherWorkstationPatch.cs
284,BlockEntityButcherWorkstationPatch.husbandry,xSkills,XSkills.BlockEntityButcherWorkstationPatch.DropLootPrefix,Prefix,/mnt/data/decompiles/Decompiles/xskills/BlockEntityButcherWorkstationPatch.cs
289,BlockEntityClayForm,xSkills,XSkills.(unknownClass).Prepare,,/mnt/data/decompiles/Decompiles/xskills/BlockEntityClayFormPatch.cs
312,BlockEntityClayForm.CheckIfFinished,xSkills,XSkills.BlockEntityClayFormPatch.CheckIfFinishedPostfix,Postfix,/mnt/data/decompiles/Decompiles/xskills/BlockEntityClayFormPatch.cs
306,BlockEntityClayForm.CheckIfFinished,xSkills,XSkills.BlockEntityClayFormPatch.CheckIfFinishedPrefix,Prefix,/mnt/data/decompiles/Decompiles/xskills/BlockEntityClayFormPatch.cs
307,BlockEntityClayForm.OnCopyLayer,xSkills,XSkills.BlockEntityClayFormPatch.CheckIfFinishedPrefix,Prefix,/mnt/data/decompiles/Decompiles/xskills/BlockEntityClayFormPatch.cs
308,BlockEntityClayForm.pottery,xSkills,XSkills.BlockEntityClayFormPatch.CheckIfFinishedPrefix,Prefix,/mnt/data/decompiles/Decompiles/xskills/BlockEntityClayFormPatch.cs
314,BlockEntityCookedContainer,xSkills,XSkills.(unknownClass).Postfix,,/mnt/data/decompiles/Decompiles/xskills/BlockEntityCookedContainerPatch.cs
315,BlockEntityCookedContainer,xSkills,XSkills.BlockEntityCookedContainerPatch.Postfix,,/mnt/data/decompiles/Decompiles/xskills/BlockEntityCookedContainerPatch.cs
319,BlockEntityCookedContainer.GetBlockInfo,xSkills,XSkills.BlockEntityCookedContainerPatch.GetBlockInfoPostfix,Postfix,/mnt/data/decompiles/Decompiles/xskills/BlockEntityCookedContainerPatch.cs
316,BlockEntityCookedContainer.OnBlockPlaced,xSkills,XSkills.BlockEntityCookedContainerPatch.OnBlockPlacedPostfix,Postfix,/mnt/data/decompiles/Decompiles/xskills/BlockEntityCookedContainerPatch.cs
320,BlockEntityCookedContainer.quality,xSkills,XSkills.BlockEntityCookedContainerPatch.GetBlockInfoPostfix,Postfix,/mnt/data/decompiles/Decompiles/xskills/BlockEntityCookedContainerPatch.cs
318,BlockEntityCookedContainer.quality,xSkills,XSkills.BlockEntityCookedContainerPatch.OnBlockPlacedPostfix,Postfix,/mnt/data/decompiles/Decompiles/xskills/BlockEntityCookedContainerPatch.cs
323,BlockEntityCrock,xSkills,XSkills.(unknownClass).Postfix,,/mnt/data/decompiles/Decompiles/xskills/BlockEntityCrockPatch.cs
324,BlockEntityCrock,xSkills,XSkills.BlockEntityCrockPatch.Postfix,,/mnt/data/decompiles/Decompiles/xskills/BlockEntityCrockPatch.cs
325,BlockEntityFirepit,xSkills,XSkills.(unknownClass).ContainsFood,,/mnt/data/decompiles/Decompiles/xskills/BlockEntityFirepitPatch.cs
330,BlockEntityFirepit.SetDialogValues,xSkills,XSkills.BlockEntityFirepitPatch.SetDialogValuesPostfix,Postfix,/mnt/data/decompiles/Decompiles/xskills/BlockEntityFirepitPatch.cs
326,BlockEntityFirepit.cooking,xSkills,XSkills.BlockEntityFirepitPatch.maxCookingTimePostfix,Postfix,/mnt/data/decompiles/Decompiles/xskills/BlockEntityFirepitPatch.cs
47,BlockEntityFirepit.forageDropRate,LevelUp,LevelUP.Shared.OverwriteBlockInteraction.HeatInput,Postfix,/mnt/data/decompiles/Decompiles/LevelUP/Shared/OverwriteBlockInteraction.cs
48,BlockEntityFirepit.heatInput,LevelUp,LevelUP.Shared.OverwriteBlockInteraction.HeatInput,Postfix,/mnt/data/decompiles/Decompiles/LevelUP/Shared/OverwriteBlockInteraction.cs
327,BlockEntityFirepit.maxCookingTime,xSkills,XSkills.BlockEntityFirepitPatch.maxCookingTimePostfix,Postfix,/mnt/data/decompiles/Decompiles/xskills/BlockEntityFirepitPatch.cs
332,BlockEntityFirepit.maxOreCookingTime,xSkills,XSkills.BlockEntityFirepitPatch.SetDialogValuesPostfix,Postfix,/mnt/data/decompiles/Decompiles/xskills/BlockEntityFirepitPatch.cs
333,BlockEntityFruitPress,xSkills,XSkills.(unknownClass).Prepare,,/mnt/data/decompiles/Decompiles/xskills/BlockEntityFruitPressPatch.cs
334,BlockEntityFruitPress.OnBlockInteractStart,xSkills,XSkills.BlockEntityFruitPressPatch.OnBlockInteractStartPostfix,Postfix,/mnt/data/decompiles/Decompiles/xskills/BlockEntityFruitPressPatch.cs
335,BlockEntityFruitPress.cooking,xSkills,XSkills.BlockEntityFruitPressPatch.OnBlockInteractStartPostfix,Postfix,/mnt/data/decompiles/Decompiles/xskills/BlockEntityFruitPressPatch.cs
342,BlockEntityFruitPress.getJuiceableProps,xSkills,XSkills.BlockEntityFruitPressPatch.getJuiceablePropsPostfix,Postfix,/mnt/data/decompiles/Decompiles/xskills/BlockEntityFruitPressPatch.cs
340,BlockEntityFruitPress.onTick100msServer,xSkills,XSkills.BlockEntityFruitPressPatch.onTick100msServerPostfix,Prefix Postfix,/mnt/data/decompiles/Decompiles/xskills/BlockEntityFruitPressPatch.cs
341,BlockEntityFruitPress.onTick100msServer,xSkills,XSkills.BlockEntityFruitPressPatch.onTick100msServerPostfix,Postfix,/mnt/data/decompiles/Decompiles/xskills/BlockEntityFruitPressPatch.cs
338,BlockEntityFruitPress.onTick100msServer,xSkills,XSkills.BlockEntityFruitPressPatch.onTick100msServerPrefix,Prefix,/mnt/data/decompiles/Decompiles/xskills/BlockEntityFruitPressPatch.cs
339,BlockEntityFruitPress.onTick100msServer,xSkills,XSkills.BlockEntityFruitPressPatch.onTick100msServerPrefix,Prefix Postfix,/mnt/data/decompiles/Decompiles/xskills/BlockEntityFruitPressPatch.cs
344,BlockEntityFruitTreeBranch,xSkills,XSkills.(unknownClass).Prepare,,/mnt/data/decompiles/Decompiles/xskills/BlockEntityFruitTreeBranchPatch.cs
345,BlockEntityFruitTreeBranch.FromTreeAttributes,xSkills,XSkills.BlockEntityFruitTreeBranchPatch.FromTreeAttributesPostfix,Postfix,/mnt/data/decompiles/Decompiles/xskills/BlockEntityFruitTreeBranchPatch.cs
347,BlockEntityFruitTreeBranch.value,xSkills,XSkills.BlockEntityFruitTreeBranchPatch.FromTreeAttributesPostfix,Postfix,/mnt/data/decompiles/Decompiles/xskills/BlockEntityFruitTreeBranchPatch.cs
348,BlockEntityFruitTreePart,xSkills,XSkills.(unknownClass).Prepare,,/mnt/data/decompiles/Decompiles/xskills/BlockEntityFruitTreePartPatch.cs
351,BlockEntityFruitTreePart.OnBlockInteractStop,xSkills,XSkills.BlockEntityFruitTreePartPatch.OnBlockInteractStopPostfix,Prefix Postfix,/mnt/data/decompiles/Decompiles/xskills/BlockEntityFruitTreePartPatch.cs
352,BlockEntityFruitTreePart.OnBlockInteractStop,xSkills,XSkills.BlockEntityFruitTreePartPatch.OnBlockInteractStopPostfix,Postfix,/mnt/data/decompiles/Decompiles/xskills/BlockEntityFruitTreePartPatch.cs
349,BlockEntityFruitTreePart.OnBlockInteractStop,xSkills,XSkills.BlockEntityFruitTreePartPatch.OnBlockInteractStopPrefix,Prefix,/mnt/data/decompiles/Decompiles/xskills/BlockEntityFruitTreePartPatch.cs
350,BlockEntityFruitTreePart.OnBlockInteractStop,xSkills,XSkills.BlockEntityFruitTreePartPatch.OnBlockInteractStopPrefix,Prefix Postfix,/mnt/data/decompiles/Decompiles/xskills/BlockEntityFruitTreePartPatch.cs
353,BlockEntityGroundStorage.TryPutItem,xSkills,XSkills.(unknownClass).TryPutItemPrefix,Prefix,/mnt/data/decompiles/Decompiles/xskills/BlockEntityGroundStoragePatch.cs
356,BlockEntityGroundStorage.TryPutItem,xSkills,XSkills.BlockEntityGroundStoragePatch.TryPutItemPostfix,Postfix,/mnt/data/decompiles/Decompiles/xskills/BlockEntityGroundStoragePatch.cs
354,BlockEntityGroundStorage.TryPutItem,xSkills,XSkills.BlockEntityGroundStoragePatch.TryPutItemPrefix,Prefix,/mnt/data/decompiles/Decompiles/xskills/BlockEntityGroundStoragePatch.cs
358,BlockEntityMeal,xSkills,XSkills.(unknownClass).Postfix,,/mnt/data/decompiles/Decompiles/xskills/BlockEntityMealPatch.cs
359,BlockEntityMeal,xSkills,XSkills.BlockEntityMealPatch.Postfix,,/mnt/data/decompiles/Decompiles/xskills/BlockEntityMealPatch.cs
360,BlockEntityMeal.GetBlockInfo,xSkills,XSkills.BlockEntityMealPatch.GetBlockInfoPostfix,Postfix,/mnt/data/decompiles/Decompiles/xskills/BlockEntityMealPatch.cs
362,BlockEntityMeal.GetBlockInfo,xSkills,XSkills.BlockEntityMealPatch.OnBlockPlacedPostfix,Postfix,/mnt/data/decompiles/Decompiles/xskills/BlockEntityMealPatch.cs
363,BlockEntityMeal.OnBlockPlaced,xSkills,XSkills.BlockEntityMealPatch.OnBlockPlacedPostfix,Postfix,/mnt/data/decompiles/Decompiles/xskills/BlockEntityMealPatch.cs
366,BlockEntityMeal.quality,xSkills,XSkills.BlockEntityMealPatch.OnBlockPlacedPostfix,Postfix,/mnt/data/decompiles/Decompiles/xskills/BlockEntityMealPatch.cs
367,BlockEntityPie.TakeSlice,xSkills,XSkills.(unknownClass).TakeSlicePostfix,Postfix,/mnt/data/decompiles/Decompiles/xskills/BlockEntityPiePatch.cs
368,BlockEntityPie.TakeSlice,xSkills,XSkills.BlockEntityPiePatch.TakeSlicePostfix,Postfix,/mnt/data/decompiles/Decompiles/xskills/BlockEntityPiePatch.cs
370,BlockEntityPitKiln,xSkills,XSkills.(unknownClass).Prepare,,/mnt/data/decompiles/Decompiles/xskills/BlockEntityPitKilnPatch.cs
379,BlockEntityPitKiln.OnFired,xSkills,XSkills.BlockEntityPitKilnPatch.OnFiredPostfix,Postfix,/mnt/data/decompiles/Decompiles/xskills/BlockEntityPitKilnPatch.cs
375,BlockEntityPitKiln.OnFired,xSkills,XSkills.BlockEntityPitKilnPatch.OnFiredPrefix,Prefix,/mnt/data/decompiles/Decompiles/xskills/BlockEntityPitKilnPatch.cs
371,BlockEntityPitKiln.TryIgnite,xSkills,XSkills.BlockEntityPitKilnPatch.TryIgnitePostfix,Postfix,/mnt/data/decompiles/Decompiles/xskills/BlockEntityPitKilnPatch.cs
376,BlockEntityPitKiln.owner,xSkills,XSkills.BlockEntityPitKilnPatch.OnFiredPrefix,Prefix,/mnt/data/decompiles/Decompiles/xskills/BlockEntityPitKilnPatch.cs
372,BlockEntityPitKiln.pottery,xSkills,XSkills.BlockEntityPitKilnPatch.TryIgnitePostfix,Postfix,/mnt/data/decompiles/Decompiles/xskills/BlockEntityPitKilnPatch.cs
381,BlockEntitySapling.CheckGrow,xSkills,XSkills.(unknownClass).Prefix,,/mnt/data/decompiles/Decompiles/xskills/BlockEntitySaplingPatch.cs
383,BlockEntitySapling.CheckGrow,xSkills,XSkills.BlockEntitySaplingPatch.Postfix,,/mnt/data/decompiles/Decompiles/xskills/BlockEntitySaplingPatch.cs
382,BlockEntitySapling.CheckGrow,xSkills,XSkills.BlockEntitySaplingPatch.Prefix,,/mnt/data/decompiles/Decompiles/xskills/BlockEntitySaplingPatch.cs
384,BlockEntityToolMold,xSkills,XSkills.(unknownClass).Prepare,,/mnt/data/decompiles/Decompiles/xskills/BlockEntityToolMoldPatch.cs
385,BlockEntityToolMold.GetBlockInfo,xSkills,XSkills.BlockEntityToolMoldPatch.GetBlockInfoPostfix,Postfix,/mnt/data/decompiles/Decompiles/xskills/BlockEntityToolMoldPatch.cs
386,BlockEntityToolMold.metalworking,xSkills,XSkills.BlockEntityToolMoldPatch.GetBlockInfoPostfix,Postfix,/mnt/data/decompiles/Decompiles/xskills/BlockEntityToolMoldPatch.cs
392,BlockEntityTrough.ConsumeOnePortion,xSkills,XSkills.BlockEntityTroughPatch.Prefix,,/mnt/data/decompiles/Decompiles/xskills/BlockEntityTroughPatch.cs
393,BlockEntityTrough.GetBlockInfo,xSkills,XSkills.BlockEntityTroughPatch.GetBlockInfoPostfix,Postfix,/mnt/data/decompiles/Decompiles/xskills/BlockEntityTroughPatch.cs
389,BlockEntityTrough.OnInteract,xSkills,XSkills.(unknownClass).Prefix,,/mnt/data/decompiles/Decompiles/xskills/BlockEntityTroughPatch.cs
391,BlockEntityTrough.OnInteract,xSkills,XSkills.BlockEntityTroughPatch.Postfix,,/mnt/data/decompiles/Decompiles/xskills/BlockEntityTroughPatch.cs
390,BlockEntityTrough.OnInteract,xSkills,XSkills.BlockEntityTroughPatch.Prefix,,/mnt/data/decompiles/Decompiles/xskills/BlockEntityTroughPatch.cs
290,BlockFacing.OnUseOver,xSkills,XSkills.BlockEntityClayFormPatch.typeof,Transpiler,/mnt/data/decompiles/Decompiles/xskills/BlockEntityClayFormPatch.cs
291,BlockFacing.pottery,xSkills,XSkills.BlockEntityClayFormPatch.typeof,Transpiler,/mnt/data/decompiles/Decompiles/xskills/BlockEntityClayFormPatch.cs
395,BlockFruitTreeBranch,xSkills,XSkills.(unknownClass).Prepare,,/mnt/data/decompiles/Decompiles/xskills/BlockFruitTreeBranchPatch.cs
396,BlockFruitTreeBranch.TryPlaceBlock,xSkills,XSkills.BlockFruitTreeBranchPatch.TryPlaceBlockPostfix,Postfix,/mnt/data/decompiles/Decompiles/xskills/BlockFruitTreeBranchPatch.cs
400,BlockFullCoating.GetDrops,xSkills,XSkills.BlockFullCoatingPatch.Prefix,,/mnt/data/decompiles/Decompiles/xskills/BlockFullCoatingPatch.cs
398,BlockFullCoating.OnLoaded,xSkills,XSkills.(unknownClass).Postfix,,/mnt/data/decompiles/Decompiles/xskills/BlockFullCoatingPatch.cs
399,BlockFullCoating.OnLoaded,xSkills,XSkills.BlockFullCoatingPatch.Postfix,,/mnt/data/decompiles/Decompiles/xskills/BlockFullCoatingPatch.cs
401,BlockLayeredSlowDig.OnLoaded,xSkills,XSkills.(unknownClass).OnLoadedPostfix,Postfix,/mnt/data/decompiles/Decompiles/xskills/BlockLayeredSlowDigPatch.cs
402,BlockLayeredSlowDig.OnLoaded,xSkills,XSkills.BlockLayeredSlowDigPatch.OnLoadedPostfix,Postfix,/mnt/data/decompiles/Decompiles/xskills/BlockLayeredSlowDigPatch.cs
404,BlockLootVessel.GetDrops,xSkills,XSkills.(unknownClass).GetDropsPostfix,Postfix,/mnt/data/decompiles/Decompiles/xskills/BlockLootVesselPatch.cs
405,BlockLootVessel.GetDrops,xSkills,XSkills.BlockLootVesselPatch.GetDropsPostfix,Postfix,/mnt/data/decompiles/Decompiles/xskills/BlockLootVesselPatch.cs
407,BlockLootVessel.seed,xSkills,XSkills.BlockLootVesselPatch.GetDropsPostfix,Postfix,/mnt/data/decompiles/Decompiles/xskills/BlockLootVesselPatch.cs
421,BlockMeal.GetContainedInfo,xSkills,XSkills.BlockMealPatch.GetContainedInfoPostfix,Postfix,/mnt/data/decompiles/Decompiles/xskills/BlockMealPatch.cs
408,BlockMeal.GetHeldItemInfo,xSkills,XSkills.(unknownClass).GetHeldItemInfoPostfix,Postfix,/mnt/data/decompiles/Decompiles/xskills/BlockMealPatch.cs
409,BlockMeal.GetHeldItemInfo,xSkills,XSkills.BlockMealPatch.GetHeldItemInfoPostfix,Postfix,/mnt/data/decompiles/Decompiles/xskills/BlockMealPatch.cs
411,BlockMeal.OnPickBlock,xSkills,XSkills.BlockMealPatch.OnPickBlockPostfix,Postfix,/mnt/data/decompiles/Decompiles/xskills/BlockMealPatch.cs
412,BlockMeal.quality,xSkills,XSkills.BlockMealPatch.OnPickBlockPostfix,Postfix,/mnt/data/decompiles/Decompiles/xskills/BlockMealPatch.cs
415,BlockMeal.quality,xSkills,XSkills.BlockMealPatch.tryFinishEatMealPrefix,Prefix,/mnt/data/decompiles/Decompiles/xskills/BlockMealPatch.cs
419,BlockMeal.tryFinishEatMeal,xSkills,XSkills.BlockMealPatch.tryFinishEatMealPostfix,Postfix,/mnt/data/decompiles/Decompiles/xskills/BlockMealPatch.cs
416,BlockMeal.tryFinishEatMeal,xSkills,XSkills.BlockMealPatch.tryFinishEatMealPrefix,Prefix,/mnt/data/decompiles/Decompiles/xskills/BlockMealPatch.cs
43,BlockMushroom.GetDrops,LevelUp,LevelUP.Shared.OverwriteBlockInteraction.GetDropsMushroomFinish,Postfix,/mnt/data/decompiles/Decompiles/LevelUP/Shared/OverwriteBlockInteraction.cs
44,BlockMushroom.forageDropRate,LevelUp,LevelUP.Shared.OverwriteBlockInteraction.GetDropsMushroomFinish,Postfix,/mnt/data/decompiles/Decompiles/LevelUP/Shared/OverwriteBlockInteraction.cs
14,BlockOre.Axe,LevelUp,LevelUP.Shared.OverwriteBlockBreak.OnBlockBroken,Prefix,/mnt/data/decompiles/Decompiles/LevelUP/Shared/OverwriteBlockBreak.cs
15,BlockOre.OnBlockBroken,LevelUp,LevelUP.Shared.OverwriteBlockBreak.OnBlockBroken,Prefix,/mnt/data/decompiles/Decompiles/LevelUP/Shared/OverwriteBlockBreak.cs
16,BlockOre.TreeBreak,LevelUp,LevelUP.Shared.OverwriteBlockBreak.OnBlockBroken,Prefix,/mnt/data/decompiles/Decompiles/LevelUP/Shared/OverwriteBlockBreak.cs
423,BlockPan,xSkills,XSkills.(unknownClass).Prepare,,/mnt/data/decompiles/Decompiles/xskills/BlockPanPatch.cs
81,BlockPan.CreateDrop,LevelUp,LevelUP.Shared.OverwriteBlockInteraction.CreateDrop,Prefix,/mnt/data/decompiles/Decompiles/LevelUP/Shared/OverwriteBlockInteraction.cs
435,BlockPan.CreateDrop,xSkills,XSkills.BlockPanPatch.CreateDropPrefix,Prefix,/mnt/data/decompiles/Decompiles/xskills/BlockPanPatch.cs
424,BlockPan.CreateDrop,xSkills,XSkills.BlockPanPatch.OnHeldInteractStepPrefix,Prefix,/mnt/data/decompiles/Decompiles/xskills/BlockPanPatch.cs
425,BlockPan.OnHeldInteractStep,xSkills,XSkills.BlockPanPatch.OnHeldInteractStepPrefix,Prefix,/mnt/data/decompiles/Decompiles/xskills/BlockPanPatch.cs
426,BlockPan.OnHeldInteractStop,xSkills,XSkills.BlockPanPatch.OnHeldInteractStepPrefix,Prefix,/mnt/data/decompiles/Decompiles/xskills/BlockPanPatch.cs
431,BlockPan.OnHeldInteractStop,xSkills,XSkills.BlockPanPatch.OnHeldInteractStopPrefix,Prefix,/mnt/data/decompiles/Decompiles/xskills/BlockPanPatch.cs
427,BlockPan.digging,xSkills,XSkills.BlockPanPatch.OnHeldInteractStepPrefix,Prefix,/mnt/data/decompiles/Decompiles/xskills/BlockPanPatch.cs
432,BlockPan.digging,xSkills,XSkills.BlockPanPatch.OnHeldInteractStopPrefix,Prefix,/mnt/data/decompiles/Decompiles/xskills/BlockPanPatch.cs
437,BlockPie.GetHeldItemInfo,xSkills,XSkills.(unknownClass).GetHeldItemInfoPostfix,Postfix,/mnt/data/decompiles/Decompiles/xskills/BlockPiePatch.cs
438,BlockPie.GetHeldItemInfo,xSkills,XSkills.BlockPiePatch.GetHeldItemInfoPostfix,Postfix,/mnt/data/decompiles/Decompiles/xskills/BlockPiePatch.cs
440,BlockPie.GetPlacedBlockInfo,xSkills,XSkills.BlockPiePatch.Postfix,Postfix,/mnt/data/decompiles/Decompiles/xskills/BlockPiePatch.cs
441,BlockPie.quality,xSkills,XSkills.BlockPiePatch.Postfix,Postfix,/mnt/data/decompiles/Decompiles/xskills/BlockPiePatch.cs
444,BlockReeds.OnBlockBroken,xSkills,XSkills.(unknownClass).Prefix,,/mnt/data/decompiles/Decompiles/xskills/BlockReedsPatch.cs
445,BlockReeds.OnBlockBroken,xSkills,XSkills.BlockReedsPatch.Prefix,,/mnt/data/decompiles/Decompiles/xskills/BlockReedsPatch.cs
56,BlockSelection.Hammer,LevelUp,LevelUP.Shared.OverwriteBlockInteraction.typeof,Prefix,/mnt/data/decompiles/Decompiles/LevelUP/Shared/OverwriteBlockInteraction.cs
57,BlockSelection.Hit,LevelUp,LevelUP.Shared.OverwriteBlockInteraction.typeof,Prefix,/mnt/data/decompiles/Decompiles/LevelUP/Shared/OverwriteBlockInteraction.cs
58,BlockSelection.OnUseOver,LevelUp,LevelUP.Shared.OverwriteBlockInteraction.typeof,Prefix,/mnt/data/decompiles/Decompiles/LevelUP/Shared/OverwriteBlockInteraction.cs
446,BlockSkep.OnBlockInteractStart,xSkills,XSkills.(unknownClass).Prefix,,/mnt/data/decompiles/Decompiles/xskills/BlockSkepPatch.cs
447,BlockSkep.OnBlockInteractStart,xSkills,XSkills.BlockSkepPatch.Prefix,,/mnt/data/decompiles/Decompiles/xskills/BlockSkepPatch.cs
448,BlockSmeltedContainer.OnHeldInteractStep,xSkills,XSkills.(unknownClass).OnHeldInteractStepPrefix,Prefix,/mnt/data/decompiles/Decompiles/xskills/BlockSmeltedContainerPatch.cs
451,BlockSmeltedContainer.OnHeldInteractStep,xSkills,XSkills.BlockSmeltedContainerPatch.OnHeldInteractStepPostfix,Postfix,/mnt/data/decompiles/Decompiles/xskills/BlockSmeltedContainerPatch.cs
449,BlockSmeltedContainer.OnHeldInteractStep,xSkills,XSkills.BlockSmeltedContainerPatch.OnHeldInteractStepPrefix,Prefix,/mnt/data/decompiles/Decompiles/xskills/BlockSmeltedContainerPatch.cs
453,BlockSmeltingContainer,xSkills,XSkills.(unknownClass).Prepare,,/mnt/data/decompiles/Decompiles/xskills/BlockSmeltingContainerPatch.cs
454,BlockSmeltingContainer.CanSmelt,xSkills,XSkills.BlockSmeltingContainerPatch.DoSmeltPostfix,Postfix,/mnt/data/decompiles/Decompiles/xskills/BlockSmeltingContainerPatch.cs
455,BlockSmeltingContainer.DoSmelt,xSkills,XSkills.BlockSmeltingContainerPatch.DoSmeltPostfix,Postfix,/mnt/data/decompiles/Decompiles/xskills/BlockSmeltingContainerPatch.cs
456,BlockSmeltingContainer.metalworking,xSkills,XSkills.BlockSmeltingContainerPatch.DoSmeltPostfix,Postfix,/mnt/data/decompiles/Decompiles/xskills/BlockSmeltingContainerPatch.cs
460,BlockWateringCan,xSkills,XSkills.(unknownClass).Prepare,,/mnt/data/decompiles/Decompiles/xskills/BlockWateringCanPatch.cs
461,BlockWateringCan.OnHeldInteractStep,xSkills,XSkills.BlockWateringCanPatch.Postfix,Postfix,/mnt/data/decompiles/Decompiles/xskills/BlockWateringCanPatch.cs
159,ClientAnimator.LoadPosesAndAttachmentPoints,CombatOverhaul,CombatOverhaul.Integration.Transpilers.Animation_GenerateFrame_Patch.Transpiler,,/mnt/data/decompiles/Decompiles/Overhaullib/Integration/Transpilers/ElementPosePatches.cs
131,ClientAnimator.calculateMatrices,CombatOverhaul,CombatOverhaul.Integration.Transpilers.CalculateMatricesPatches.typeof,,/mnt/data/decompiles/Decompiles/Overhaullib/Integration/Transpilers/CalculateMatricesPatches.cs
160,ClientAnimator.combatoverhaul,CombatOverhaul,CombatOverhaul.Integration.Transpilers.Animation_GenerateFrame_Patch.Transpiler,,/mnt/data/decompiles/Decompiles/Overhaullib/Integration/Transpilers/ElementPosePatches.cs
500,CollectibleObject.DoSmelt,xSkills,XSkills.CollectibleObjectPatch.Postfix,,/mnt/data/decompiles/Decompiles/xskills/CollectibleObjectPatch.cs
499,CollectibleObject.DoSmelt,xSkills,XSkills.CollectibleObjectPatch.Prefix,,/mnt/data/decompiles/Decompiles/xskills/CollectibleObjectPatch.cs
103,CollectibleObject.GetAttackPower,LevelUp,LevelUP.Shared.OverwriteBlockInteraction.GetAttackPowerFinish,Postfix,/mnt/data/decompiles/Decompiles/LevelUP/Shared/OverwriteBlockInteraction.cs
477,CollectibleObject.GetAttackPower,xSkills,XSkills.CollectibleObjectPatch.Postfix1,Postfix,/mnt/data/decompiles/Decompiles/xskills/CollectibleObjectPatch.cs
107,CollectibleObject.GetHeldItemInfo,LevelUp,LevelUP.Shared.OverwriteBlockInteraction.GetHeldItemInfoStart,Prefix,/mnt/data/decompiles/Decompiles/LevelUP/Shared/OverwriteBlockInteraction.cs
471,CollectibleObject.GetHeldItemInfo,xSkills,XSkills.CollectibleObjectPatch.Postfix,,/mnt/data/decompiles/Decompiles/xskills/CollectibleObjectPatch.cs
89,CollectibleObject.GetMaxDurability,LevelUp,LevelUP.Shared.OverwriteBlockInteraction.GetMaxDurabilityFinish,Postfix,/mnt/data/decompiles/Decompiles/LevelUP/Shared/OverwriteBlockInteraction.cs
473,CollectibleObject.GetMaxDurability,xSkills,XSkills.CollectibleObjectPatch.Postfix0,Postfix,/mnt/data/decompiles/Decompiles/xskills/CollectibleObjectPatch.cs
5,CollectibleObject.GetMiningSpeed,LevelUp,LevelUP.Shared.OverwriteBlockBreak.GetMiningSpeed,Postfix,/mnt/data/decompiles/Decompiles/LevelUP/Shared/OverwriteBlockBreak.cs
115,CollectibleObject.GetMiningSpeed,LevelUp,LevelUP.Shared.OverwriteBlockInteraction.GetMiningSpeed,Postfix,/mnt/data/decompiles/Decompiles/LevelUP/Shared/OverwriteBlockInteraction.cs
481,CollectibleObject.GetMiningSpeed,xSkills,XSkills.CollectibleObjectPatch.Postfix2,Postfix,/mnt/data/decompiles/Decompiles/xskills/CollectibleObjectPatch.cs
6,CollectibleObject.LevelUP_Shovel_MiningSpeed,LevelUp,LevelUP.Shared.OverwriteBlockBreak.GetMiningSpeed,Postfix,/mnt/data/decompiles/Decompiles/LevelUP/Shared/OverwriteBlockBreak.cs
470,CollectibleObject.OnBlockBrokenWith,xSkills,XSkills.CollectibleObjectPatch.Postfix,,/mnt/data/decompiles/Decompiles/xskills/CollectibleObjectPatch.cs
468,CollectibleObject.OnBlockBrokenWith,xSkills,XSkills.CollectibleObjectPatch.Prefix,,/mnt/data/decompiles/Decompiles/xskills/CollectibleObjectPatch.cs
485,CollectibleObject.OnCreatedByCrafting,xSkills,XSkills.CollectibleObjectPatch.Postfix,,/mnt/data/decompiles/Decompiles/xskills/CollectibleObjectPatch.cs
463,CollectibleObject.SetTemperature,xSkills,XSkills.(unknownClass).SetTemperaturePrefix,Prefix,/mnt/data/decompiles/Decompiles/xskills/CollectibleObjectPatch.cs
464,CollectibleObject.SetTemperature,xSkills,XSkills.CollectibleObjectPatch.SetTemperaturePrefix,Prefix,/mnt/data/decompiles/Decompiles/xskills/CollectibleObjectPatch.cs
489,CollectibleObject.TryMergeStacks,xSkills,XSkills.CollectibleObjectPatch.Postfix,,/mnt/data/decompiles/Decompiles/xskills/CollectibleObjectPatch.cs
487,CollectibleObject.TryMergeStacks,xSkills,XSkills.CollectibleObjectPatch.Prefix,,/mnt/data/decompiles/Decompiles/xskills/CollectibleObjectPatch.cs
104,CollectibleObject.attackpower,LevelUp,LevelUP.Shared.OverwriteBlockInteraction.GetAttackPowerFinish,Postfix,/mnt/data/decompiles/Decompiles/LevelUP/Shared/OverwriteBlockInteraction.cs
108,CollectibleObject.attackpower,LevelUp,LevelUP.Shared.OverwriteBlockInteraction.GetHeldItemInfoStart,Prefix,/mnt/data/decompiles/Decompiles/LevelUP/Shared/OverwriteBlockInteraction.cs
472,CollectibleObject.durability,xSkills,XSkills.CollectibleObjectPatch.Postfix,,/mnt/data/decompiles/Decompiles/xskills/CollectibleObjectPatch.cs
90,CollectibleObject.maxdurability,LevelUp,LevelUP.Shared.OverwriteBlockInteraction.GetMaxDurabilityFinish,Postfix,/mnt/data/decompiles/Decompiles/LevelUP/Shared/OverwriteBlockInteraction.cs
486,CollectibleObject.quality,xSkills,XSkills.CollectibleObjectPatch.Postfix,,/mnt/data/decompiles/Decompiles/xskills/CollectibleObjectPatch.cs
474,CollectibleObject.quality,xSkills,XSkills.CollectibleObjectPatch.Postfix0,Postfix,/mnt/data/decompiles/Decompiles/xskills/CollectibleObjectPatch.cs
478,CollectibleObject.quality,xSkills,XSkills.CollectibleObjectPatch.Postfix1,Postfix,/mnt/data/decompiles/Decompiles/xskills/CollectibleObjectPatch.cs
482,CollectibleObject.quality,xSkills,XSkills.CollectibleObjectPatch.Postfix2,Postfix,/mnt/data/decompiles/Decompiles/xskills/CollectibleObjectPatch.cs
469,CollectibleObject.quality,xSkills,XSkills.CollectibleObjectPatch.Prefix,,/mnt/data/decompiles/Decompiles/xskills/CollectibleObjectPatch.cs
495,CollectibleObject.quality,xSkills,XSkills.CollectibleObjectPatch.tryEatStopPostfix,Postfix,/mnt/data/decompiles/Decompiles/xskills/CollectibleObjectPatch.cs
492,CollectibleObject.quality,xSkills,XSkills.CollectibleObjectPatch.tryEatStopPrefix,Prefix,/mnt/data/decompiles/Decompiles/xskills/CollectibleObjectPatch.cs
491,CollectibleObject.qualityType,xSkills,XSkills.CollectibleObjectPatch.Postfix,,/mnt/data/decompiles/Decompiles/xskills/CollectibleObjectPatch.cs
465,CollectibleObject.temperature,xSkills,XSkills.CollectibleObjectPatch.SetTemperaturePrefix,Prefix,/mnt/data/decompiles/Decompiles/xskills/CollectibleObjectPatch.cs
496,CollectibleObject.tryEatStop,xSkills,XSkills.CollectibleObjectPatch.tryEatStopPostfix,Postfix,/mnt/data/decompiles/Decompiles/xskills/CollectibleObjectPatch.cs
493,CollectibleObject.tryEatStop,xSkills,XSkills.CollectibleObjectPatch.tryEatStopPrefix,Prefix,/mnt/data/decompiles/Decompiles/xskills/CollectibleObjectPatch.cs
145,DidModifyItemSlotPatches.DidModifyItemSlot,CombatOverhaul,CombatOverhaul.Integration.Transpilers.DidModifyItemSlotPatches.Transpiler,,/mnt/data/decompiles/Decompiles/Overhaullib/Integration/Transpilers/DidModifyItemSlotPatches.cs
146,DidModifyItemSlotPatches.combatoverhaul,CombatOverhaul,CombatOverhaul.Integration.Transpilers.DidModifyItemSlotPatches.Transpiler,,/mnt/data/decompiles/Decompiles/Overhaullib/Integration/Transpilers/DidModifyItemSlotPatches.cs
287,DropLoot,xSkills,XSkills.BlockEntityButcherWorkstationPatch.DropLootPostfix,Postfix,/mnt/data/decompiles/Decompiles/xskills/BlockEntityButcherWorkstationPatch.cs
285,DropLoot,xSkills,XSkills.BlockEntityButcherWorkstationPatch.DropLootPrefix,Prefix,/mnt/data/decompiles/Decompiles/xskills/BlockEntityButcherWorkstationPatch.cs
157,ElementPose.GenerateFrame,CombatOverhaul,CombatOverhaul.Integration.Transpilers.ElementPosePatches.Transpiler,,/mnt/data/decompiles/Decompiles/Overhaullib/Integration/Transpilers/ElementPosePatches.cs
158,ElementPose.combatoverhaul,CombatOverhaul,CombatOverhaul.Integration.Transpilers.ElementPosePatches.Transpiler,,/mnt/data/decompiles/Decompiles/Overhaullib/Integration/Transpilers/ElementPosePatches.cs
119,Entity.ReceiveDamage,LevelUp,LevelUP.Shared.OverwriteDamageInteraction.ReceiveDamageStart,Prefix,/mnt/data/decompiles/Decompiles/LevelUP/Shared/OverwriteDamageInteraction.cs
502,EntityBehaviorHarvestable,xSkills,XSkills.(unknownClass).TrySetHarvestedAnimal,,/mnt/data/decompiles/Decompiles/xskills/EntityBehaviorHarvestablePatch.cs
25,EntityBehaviorHarvestable.GenerateDrops,LevelUp,LevelUP.Shared.OverwriteBlockInteraction.GenerateDropsStart,Prefix,/mnt/data/decompiles/Decompiles/LevelUP/Shared/OverwriteBlockInteraction.cs
509,EntityBehaviorHarvestable.SetHarvested,xSkills,XSkills.EntityBehaviorHarvestablePatch.SetHarvestedPostfix,Postfix,/mnt/data/decompiles/Decompiles/xskills/EntityBehaviorHarvestablePatch.cs
503,EntityBehaviorHarvestable.SetHarvested,xSkills,XSkills.EntityBehaviorHarvestablePatch.SetHarvestedPrefix,Prefix,/mnt/data/decompiles/Decompiles/xskills/EntityBehaviorHarvestablePatch.cs
504,EntityBehaviorHarvestable.harvestableInv,xSkills,XSkills.EntityBehaviorHarvestablePatch.SetHarvestedPrefix,Prefix,/mnt/data/decompiles/Decompiles/xskills/EntityBehaviorHarvestablePatch.cs
505,EntityBehaviorHarvestable.harvested,xSkills,XSkills.EntityBehaviorHarvestablePatch.SetHarvestedPrefix,Prefix,/mnt/data/decompiles/Decompiles/xskills/EntityBehaviorHarvestablePatch.cs
511,EntityBehaviorMilkable.MilkingComplete,xSkills,XSkills.(unknownClass).Prefix,,/mnt/data/decompiles/Decompiles/xskills/EntityBehaviorMilkablePatch.cs
513,EntityBehaviorMilkable.MilkingComplete,xSkills,XSkills.EntityBehaviorMilkablePatch.Postfix,,/mnt/data/decompiles/Decompiles/xskills/EntityBehaviorMilkablePatch.cs
512,EntityBehaviorMilkable.MilkingComplete,xSkills,XSkills.EntityBehaviorMilkablePatch.Prefix,,/mnt/data/decompiles/Decompiles/xskills/EntityBehaviorMilkablePatch.cs
530,EntityBehaviorMultiply.CheckMultiply,xSkills,XSkills.EntityBehaviorMultiplyPatch.CheckMultiplyPostfix,Prefix Postfix,/mnt/data/decompiles/Decompiles/xskills/EntityBehaviorMultiplyPatch.cs
531,EntityBehaviorMultiply.CheckMultiply,xSkills,XSkills.EntityBehaviorMultiplyPatch.CheckMultiplyPostfix,Postfix,/mnt/data/decompiles/Decompiles/xskills/EntityBehaviorMultiplyPatch.cs
526,EntityBehaviorMultiply.CheckMultiply,xSkills,XSkills.EntityBehaviorMultiplyPatch.CheckMultiplyPrefix,Prefix,/mnt/data/decompiles/Decompiles/xskills/EntityBehaviorMultiplyPatch.cs
528,EntityBehaviorMultiply.CheckMultiply,xSkills,XSkills.EntityBehaviorMultiplyPatch.CheckMultiplyPrefix,Prefix Postfix,/mnt/data/decompiles/Decompiles/xskills/EntityBehaviorMultiplyPatch.cs
532,EntityBehaviorMultiply.GetInfoText,xSkills,XSkills.EntityBehaviorMultiplyPatch.Prefix,,/mnt/data/decompiles/Decompiles/xskills/EntityBehaviorMultiplyPatch.cs
519,EntityBehaviorMultiply.Initialize,xSkills,XSkills.EntityBehaviorMultiplyPatch.InitializePostfix,Postfix,/mnt/data/decompiles/Decompiles/xskills/EntityBehaviorMultiplyPatch.cs
522,EntityBehaviorMultiply.PregnancyDays,xSkills,XSkills.EntityBehaviorMultiplyPatch.InitializePostfix,Postfix,/mnt/data/decompiles/Decompiles/xskills/EntityBehaviorMultiplyPatch.cs
524,EntityBehaviorMultiply.PregnancyDays,xSkills,XSkills.EntityBehaviorMultiplyPatch.Postfix2,,/mnt/data/decompiles/Decompiles/xskills/EntityBehaviorMultiplyPatch.cs
525,EntityBehaviorMultiply.SpawnQuantityMax,xSkills,XSkills.EntityBehaviorMultiplyPatch.Postfix2,,/mnt/data/decompiles/Decompiles/xskills/EntityBehaviorMultiplyPatch.cs
516,EntityBehaviorMultiply.SpawnQuantityMin,xSkills,XSkills.EntityBehaviorMultiplyPatch.Postfix1,,/mnt/data/decompiles/Decompiles/xskills/EntityBehaviorMultiplyPatch.cs
527,EntityBehaviorMultiply.generation,xSkills,XSkills.EntityBehaviorMultiplyPatch.CheckMultiplyPrefix,Prefix,/mnt/data/decompiles/Decompiles/xskills/EntityBehaviorMultiplyPatch.cs
529,EntityBehaviorMultiply.generation,xSkills,XSkills.EntityBehaviorMultiplyPatch.CheckMultiplyPrefix,Prefix Postfix,/mnt/data/decompiles/Decompiles/xskills/EntityBehaviorMultiplyPatch.cs
520,EntityBehaviorMultiply.generation,xSkills,XSkills.EntityBehaviorMultiplyPatch.InitializePostfix,Postfix,/mnt/data/decompiles/Decompiles/xskills/EntityBehaviorMultiplyPatch.cs
533,EntityBehaviorMultiply.generation,xSkills,XSkills.EntityBehaviorMultiplyPatch.Prefix,,/mnt/data/decompiles/Decompiles/xskills/EntityBehaviorMultiplyPatch.cs
514,EntityBehaviorMultiply.multiply,xSkills,XSkills.(unknownClass).GetPregnancyDays,,/mnt/data/decompiles/Decompiles/xskills/EntityBehaviorMultiplyPatch.cs
517,EntityBehaviorMultiply.multiply,xSkills,XSkills.EntityBehaviorMultiplyPatch.Postfix1,,/mnt/data/decompiles/Decompiles/xskills/EntityBehaviorMultiplyPatch.cs
515,EntityBehaviorMultiply.pregnancyDays,xSkills,XSkills.(unknownClass).GetPregnancyDays,,/mnt/data/decompiles/Decompiles/xskills/EntityBehaviorMultiplyPatch.cs
518,EntityBehaviorMultiply.pregnancyDays,xSkills,XSkills.EntityBehaviorMultiplyPatch.Postfix1,,/mnt/data/decompiles/Decompiles/xskills/EntityBehaviorMultiplyPatch.cs
167,EntityBehaviorPassivePhysics.MotionAndCollision,CombatOverhaul,CombatOverhaul.Integration.Transpilers.EntityBehaviorPassivePhysicsMotionAndCollisionPatch.Transpiler,Transpiler,/mnt/data/decompiles/Decompiles/Overhaullib/Integration/Transpilers/MotionAndCollisionPatches.cs
163,EntityBehaviorPassivePhysics.MotionAndCollision,CombatOverhaul,CombatOverhaul.Integration.Transpilers.MotionAndCollisionPatches.Transpiler,Transpiler,/mnt/data/decompiles/Decompiles/Overhaullib/Integration/Transpilers/MotionAndCollisionPatches.cs
168,EntityBehaviorPassivePhysics.combatoverhaul,CombatOverhaul,CombatOverhaul.Integration.Transpilers.EntityBehaviorPassivePhysicsMotionAndCollisionPatch.Transpiler,Transpiler,/mnt/data/decompiles/Decompiles/Overhaullib/Integration/Transpilers/MotionAndCollisionPatches.cs
164,EntityBehaviorPassivePhysics.combatoverhaul,CombatOverhaul,CombatOverhaul.Integration.Transpilers.MotionAndCollisionPatches.Transpiler,Transpiler,/mnt/data/decompiles/Decompiles/Overhaullib/Integration/Transpilers/MotionAndCollisionPatches.cs
534,EntityPlayer.LightHsv,xSkills,XSkills.(unknownClass).Postfix,,/mnt/data/decompiles/Decompiles/xskills/EntityPlayerPatch.cs
535,EntityPlayer.LightHsv,xSkills,XSkills.EntityPlayerPatch.Postfix,,/mnt/data/decompiles/Decompiles/xskills/EntityPlayerPatch.cs
173,EntityPlayerShapeRenderer.DoRender3DOpaque,CombatOverhaul,CombatOverhaul.Integration.Transpilers.EntityShapeRendererPatch.Transpiler,Transpiler,/mnt/data/decompiles/Decompiles/Overhaullib/Integration/Transpilers/PlayerRenderingPatches.cs
169,EntityPlayerShapeRenderer.DoRender3DOpaque,CombatOverhaul,CombatOverhaul.Integration.Transpilers.PlayerRenderingPatches.Transpiler,Transpiler,/mnt/data/decompiles/Decompiles/Overhaullib/Integration/Transpilers/PlayerRenderingPatches.cs
174,EntityPlayerShapeRenderer.combatoverhaul,CombatOverhaul,CombatOverhaul.Integration.Transpilers.EntityShapeRendererPatch.Transpiler,Transpiler,/mnt/data/decompiles/Decompiles/Overhaullib/Integration/Transpilers/PlayerRenderingPatches.cs
179,EntityPlayerShapeRenderer.combatoverhaul,CombatOverhaul,CombatOverhaul.Integration.Transpilers.EntityShapeRendererShaderPatch.Transpiler,Transpiler,/mnt/data/decompiles/Decompiles/Overhaullib/Integration/Transpilers/PlayerRenderingPatches.cs
170,EntityPlayerShapeRenderer.combatoverhaul,CombatOverhaul,CombatOverhaul.Integration.Transpilers.PlayerRenderingPatches.Transpiler,Transpiler,/mnt/data/decompiles/Decompiles/Overhaullib/Integration/Transpilers/PlayerRenderingPatches.cs
176,EntityPlayerShapeRenderer.getReadyShader,CombatOverhaul,CombatOverhaul.Integration.Transpilers.EntityShapeRendererPatch.Transpiler,Transpiler,/mnt/data/decompiles/Decompiles/Overhaullib/Integration/Transpilers/PlayerRenderingPatches.cs
180,EntityPlayerShapeRenderer.getReadyShader,CombatOverhaul,CombatOverhaul.Integration.Transpilers.EntityShapeRendererShaderPatch.Transpiler,Transpiler,/mnt/data/decompiles/Decompiles/Overhaullib/Integration/Transpilers/PlayerRenderingPatches.cs
121,EntityProjectile.impactOnEntity,LevelUp,LevelUP.Shared.OverwriteDamageInteraction.ImpactOnEntity,Prefix,/mnt/data/decompiles/Decompiles/LevelUP/Shared/OverwriteDamageInteraction.cs
536,FruitTreeGrowingBranchBH,xSkills,XSkills.(unknownClass).Prepare,,/mnt/data/decompiles/Decompiles/xskills/FruitTreeGrowingBranchBHPatch.cs
539,FruitTreeGrowingBranchBH.GetBlockInfo,xSkills,XSkills.FruitTreeGrowingBranchBHPatch.GetBlockInfoPostfix,Prefix Postfix,/mnt/data/decompiles/Decompiles/xskills/FruitTreeGrowingBranchBHPatch.cs
537,FruitTreeGrowingBranchBH.GetBlockInfo,xSkills,XSkills.FruitTreeGrowingBranchBHPatch.GetBlockInfoPrefix,Prefix,/mnt/data/decompiles/Decompiles/xskills/FruitTreeGrowingBranchBHPatch.cs
538,FruitTreeGrowingBranchBH.GetBlockInfo,xSkills,XSkills.FruitTreeGrowingBranchBHPatch.GetBlockInfoPrefix,Prefix Postfix,/mnt/data/decompiles/Decompiles/xskills/FruitTreeGrowingBranchBHPatch.cs
541,FruitTreeGrowingBranchBH.GetBlockInfo,xSkills,XSkills.FruitTreeGrowingBranchBHPatch.TryGrowPrefix,Prefix Postfix,/mnt/data/decompiles/Decompiles/xskills/FruitTreeGrowingBranchBHPatch.cs
545,FruitTreeGrowingBranchBH.TryGrow,xSkills,XSkills.FruitTreeGrowingBranchBHPatch.TryGrowPostfix,Prefix Postfix,/mnt/data/decompiles/Decompiles/xskills/FruitTreeGrowingBranchBHPatch.cs
546,FruitTreeGrowingBranchBH.TryGrow,xSkills,XSkills.FruitTreeGrowingBranchBHPatch.TryGrowPostfix,Postfix,/mnt/data/decompiles/Decompiles/xskills/FruitTreeGrowingBranchBHPatch.cs
542,FruitTreeGrowingBranchBH.TryGrow,xSkills,XSkills.FruitTreeGrowingBranchBHPatch.TryGrowPrefix,Prefix Postfix,/mnt/data/decompiles/Decompiles/xskills/FruitTreeGrowingBranchBHPatch.cs
59,IPlayer.Hammer,LevelUp,LevelUP.Shared.OverwriteBlockInteraction.typeof,Prefix,/mnt/data/decompiles/Decompiles/LevelUP/Shared/OverwriteBlockInteraction.cs
60,IPlayer.Hit,LevelUp,LevelUP.Shared.OverwriteBlockInteraction.typeof,Prefix,/mnt/data/decompiles/Decompiles/LevelUP/Shared/OverwriteBlockInteraction.cs
61,IPlayer.OnUseOver,LevelUp,LevelUP.Shared.OverwriteBlockInteraction.typeof,Prefix,/mnt/data/decompiles/Decompiles/LevelUP/Shared/OverwriteBlockInteraction.cs
292,IPlayer.OnUseOver,xSkills,XSkills.BlockEntityClayFormPatch.typeof,Transpiler,/mnt/data/decompiles/Decompiles/xskills/BlockEntityClayFormPatch.cs
293,IPlayer.pottery,xSkills,XSkills.BlockEntityClayFormPatch.typeof,Transpiler,/mnt/data/decompiles/Decompiles/xskills/BlockEntityClayFormPatch.cs
147,InventoryBase.DidModifyItemSlot,CombatOverhaul,CombatOverhaul.Integration.Transpilers.DidModifyItemSlotPatches.Transpiler,,/mnt/data/decompiles/Decompiles/Overhaullib/Integration/Transpilers/DidModifyItemSlotPatches.cs
148,InventoryBase.combatoverhaul,CombatOverhaul,CombatOverhaul.Integration.Transpilers.DidModifyItemSlotPatches.Transpiler,,/mnt/data/decompiles/Decompiles/Overhaullib/Integration/Transpilers/DidModifyItemSlotPatches.cs
547,InventoryMixingBowlPatch.NewSlot,xSkills,XSkills.InventoryMixingBowlPatch.NewSlotPrefix,Prefix,/mnt/data/decompiles/Decompiles/xskills/InventoryMixingBowlPatch.cs
549,InventoryOven,xSkills,XSkills.(unknownClass).Prepare,,/mnt/data/decompiles/Decompiles/xskills/InventoryOvenPatch.cs
550,InventoryOven.GetSuitability,xSkills,XSkills.InventoryOvenPatch.GetSuitabilityPostfix,Postfix,/mnt/data/decompiles/Decompiles/xskills/InventoryOvenPatch.cs
554,InventoryOven.NewSlot,xSkills,XSkills.InventoryOvenPatch.NewSlotPrefix,Prefix,/mnt/data/decompiles/Decompiles/xskills/InventoryOvenPatch.cs
551,InventoryOven.cooking,xSkills,XSkills.InventoryOvenPatch.GetSuitabilityPostfix,Postfix,/mnt/data/decompiles/Decompiles/xskills/InventoryOvenPatch.cs
556,InventoryPlayerBackPacks,xSkills,XSkills.(unknownClass).Prepare,,/mnt/data/decompiles/Decompiles/xskills/InventoryPlayerBackPacksPatch.cs
568,InventoryPlayerBackPacks.ActivateSlot,xSkills,XSkills.InventoryPlayerBackPacksPatch.ActivateSlotPrefix,Prefix,/mnt/data/decompiles/Decompiles/xskills/InventoryPlayerBackPacksPatch.cs
557,InventoryPlayerBackPacks.get_Count,xSkills,XSkills.InventoryPlayerBackPacksPatch.GetCountPostfix,Postfix,/mnt/data/decompiles/Decompiles/xskills/InventoryPlayerBackPacksPatch.cs
563,InventoryPlayerBackPacks.get_Item,xSkills,XSkills.InventoryPlayerBackPacksPatch.GetItemPostfix,Prefix,/mnt/data/decompiles/Decompiles/xskills/InventoryPlayerBackPacksPatch.cs
566,InventoryPlayerBackPacks.set_Item,xSkills,XSkills.InventoryPlayerBackPacksPatch.SetItemPrefix,Prefix,/mnt/data/decompiles/Decompiles/xskills/InventoryPlayerBackPacksPatch.cs
558,InventoryPlayerBackPacks.survival,xSkills,XSkills.InventoryPlayerBackPacksPatch.GetCountPostfix,Postfix,/mnt/data/decompiles/Decompiles/xskills/InventoryPlayerBackPacksPatch.cs
559,InventoryPlayerBackPacks.xskillshotbar,xSkills,XSkills.InventoryPlayerBackPacksPatch.GetCountPostfix,Postfix,/mnt/data/decompiles/Decompiles/xskills/InventoryPlayerBackPacksPatch.cs
564,InventoryPlayerBackPacks.xskillshotbar,xSkills,XSkills.InventoryPlayerBackPacksPatch.GetItemPostfix,Prefix,/mnt/data/decompiles/Decompiles/xskills/InventoryPlayerBackPacksPatch.cs
570,InventorySmelting,xSkills,XSkills.(unknownClass).Prepare,,/mnt/data/decompiles/Decompiles/xskills/InventorySmeltingPatch.cs
571,InventorySmelting.LateInitialize,xSkills,XSkills.InventorySmeltingPatch.LateInitializePostfix,Postfix,/mnt/data/decompiles/Decompiles/xskills/InventorySmeltingPatch.cs
575,InventorySmelting.NewSlot,xSkills,XSkills.InventorySmeltingPatch.NewSlotPrefix,Prefix,/mnt/data/decompiles/Decompiles/xskills/InventorySmeltingPatch.cs
572,InventorySmelting.cooking,xSkills,XSkills.InventorySmeltingPatch.LateInitializePostfix,Postfix,/mnt/data/decompiles/Decompiles/xskills/InventorySmeltingPatch.cs
588,InventoryTrader.DeductFromEntity,xSkills,XSkills.InventoryTraderPatch.DeductFromEntityPostfix,Postfix,/mnt/data/decompiles/Decompiles/xskills/InventoryTraderPatch.cs
584,InventoryTrader.DeductFromEntity,xSkills,XSkills.InventoryTraderPatch.DeductFromEntityPrefix,Prefix,/mnt/data/decompiles/Decompiles/xskills/InventoryTraderPatch.cs
577,InventoryTrader.GetPlayerAssets,xSkills,XSkills.(unknownClass).GetPlayerAssetsPrefix,Prefix,/mnt/data/decompiles/Decompiles/xskills/InventoryTraderPatch.cs
580,InventoryTrader.GetPlayerAssets,xSkills,XSkills.InventoryTraderPatch.GetPlayerAssetsPostfix,Postfix,/mnt/data/decompiles/Decompiles/xskills/InventoryTraderPatch.cs
578,InventoryTrader.GetPlayerAssets,xSkills,XSkills.InventoryTraderPatch.GetPlayerAssetsPrefix,Prefix,/mnt/data/decompiles/Decompiles/xskills/InventoryTraderPatch.cs
589,InventoryTrader.xskillshotbar,xSkills,XSkills.InventoryTraderPatch.DeductFromEntityPostfix,Postfix,/mnt/data/decompiles/Decompiles/xskills/InventoryTraderPatch.cs
585,InventoryTrader.xskillshotbar,xSkills,XSkills.InventoryTraderPatch.DeductFromEntityPrefix,Prefix,/mnt/data/decompiles/Decompiles/xskills/InventoryTraderPatch.cs
581,InventoryTrader.xskillshotbar,xSkills,XSkills.InventoryTraderPatch.GetPlayerAssetsPostfix,Postfix,/mnt/data/decompiles/Decompiles/xskills/InventoryTraderPatch.cs
10,ItemAxe.LevelUP_Shovel_MiningSpeed,LevelUp,LevelUP.Shared.OverwriteBlockBreak.OnBlockBrokenWith,Prefix,/mnt/data/decompiles/Decompiles/LevelUP/Shared/OverwriteBlockBreak.cs
11,ItemAxe.OnBlockBrokenWith,LevelUp,LevelUP.Shared.OverwriteBlockBreak.OnBlockBrokenWith,Prefix,/mnt/data/decompiles/Decompiles/LevelUP/Shared/OverwriteBlockBreak.cs
123,ItemBow.LevelUP_Level_Bow,LevelUp,LevelUP.Shared.OverwriteDamageInteraction.OnHeldInteractBowStop,Prefix,/mnt/data/decompiles/Decompiles/LevelUP/Shared/OverwriteDamageInteraction.cs
124,ItemBow.OnHeldInteractStop,LevelUp,LevelUP.Shared.OverwriteDamageInteraction.OnHeldInteractBowStop,Prefix,/mnt/data/decompiles/Decompiles/LevelUP/Shared/OverwriteDamageInteraction.cs
592,ItemClay,xSkills,XSkills.(unknownClass).Prepare,,/mnt/data/decompiles/Decompiles/xskills/ItemClayPatch.cs
593,ItemClay.OnHeldInteractStop,xSkills,XSkills.ItemClayPatch.OnHeldInteractStopPrefix,Prefix,/mnt/data/decompiles/Decompiles/xskills/ItemClayPatch.cs
594,ItemClay.pottery,xSkills,XSkills.ItemClayPatch.OnHeldInteractStopPrefix,Prefix,/mnt/data/decompiles/Decompiles/xskills/ItemClayPatch.cs
27,ItemHoe.OnHeldInteractStep,LevelUp,LevelUP.Shared.OverwriteBlockInteraction.OnHeldInteractStep,Postfix,/mnt/data/decompiles/Decompiles/LevelUP/Shared/OverwriteBlockInteraction.cs
28,ItemHoe.animalLootDropRate,LevelUp,LevelUP.Shared.OverwriteBlockInteraction.OnHeldInteractStep,Postfix,/mnt/data/decompiles/Decompiles/LevelUP/Shared/OverwriteBlockInteraction.cs
597,ItemKnife.OnHeldInteractStart,xSkills,XSkills.(unknownClass).OnHeldInteractStartPrefix,Prefix,/mnt/data/decompiles/Decompiles/xskills/ItemKnifePatch.cs
598,ItemKnife.OnHeldInteractStart,xSkills,XSkills.ItemKnifePatch.OnHeldInteractStartPrefix,Prefix,/mnt/data/decompiles/Decompiles/xskills/ItemKnifePatch.cs
601,ItemKnife.OnHeldInteractStop,xSkills,XSkills.ItemKnifePatch.OnHeldInteractStopPrefix,Prefix,/mnt/data/decompiles/Decompiles/xskills/ItemKnifePatch.cs
600,ItemKnife.harvestable,xSkills,XSkills.ItemKnifePatch.OnHeldInteractStartPrefix,Prefix,/mnt/data/decompiles/Decompiles/xskills/ItemKnifePatch.cs
603,ItemKnife.harvestable,xSkills,XSkills.ItemKnifePatch.OnHeldInteractStopPrefix,Prefix,/mnt/data/decompiles/Decompiles/xskills/ItemKnifePatch.cs
604,ItemScythe.MultiBreakQuantity,xSkills,XSkills.(unknownClass).Postfix,,/mnt/data/decompiles/Decompiles/xskills/ItemScythePatch.cs
605,ItemScythe.MultiBreakQuantity,xSkills,XSkills.ItemScythePatch.Postfix,,/mnt/data/decompiles/Decompiles/xskills/ItemScythePatch.cs
612,ItemShears.GetNearblyMultibreakables,xSkills,XSkills.ItemShearsPatch.Prefix,Prefix,/mnt/data/decompiles/Decompiles/xskills/ItemShearsPatch.cs
606,ItemShears.MultiBreakQuantity,xSkills,XSkills.(unknownClass).Postfix,,/mnt/data/decompiles/Decompiles/xskills/ItemShearsPatch.cs
607,ItemShears.MultiBreakQuantity,xSkills,XSkills.ItemShearsPatch.Postfix,,/mnt/data/decompiles/Decompiles/xskills/ItemShearsPatch.cs
609,ItemShears.MultiBreakQuantity,xSkills,XSkills.ItemShearsPatch.Prefix,,/mnt/data/decompiles/Decompiles/xskills/ItemShearsPatch.cs
608,ItemShears.OnBlockBrokenWith,xSkills,XSkills.ItemShearsPatch.Postfix,,/mnt/data/decompiles/Decompiles/xskills/ItemShearsPatch.cs
610,ItemShears.OnBlockBrokenWith,xSkills,XSkills.ItemShearsPatch.Prefix,,/mnt/data/decompiles/Decompiles/xskills/ItemShearsPatch.cs
611,ItemShears.farming,xSkills,XSkills.ItemShearsPatch.Prefix,,/mnt/data/decompiles/Decompiles/xskills/ItemShearsPatch.cs
87,ItemSlotCraftingOutput.CraftMany,LevelUp,LevelUP.Shared.OverwriteBlockInteraction.CraftManyFinish,Postfix,/mnt/data/decompiles/Decompiles/LevelUP/Shared/OverwriteBlockInteraction.cs
83,ItemSlotCraftingOutput.CraftSingle,LevelUp,LevelUP.Shared.OverwriteBlockInteraction.CraftSingleFinish,Postfix,/mnt/data/decompiles/Decompiles/LevelUP/Shared/OverwriteBlockInteraction.cs
84,ItemSlotCraftingOutput.Panning,LevelUp,LevelUP.Shared.OverwriteBlockInteraction.CraftSingleFinish,Postfix,/mnt/data/decompiles/Decompiles/LevelUP/Shared/OverwriteBlockInteraction.cs
127,ItemSpear.OnHeldInteractStop,LevelUp,LevelUP.Shared.OverwriteDamageInteraction.OnHeldInteractSpearStop,Prefix,/mnt/data/decompiles/Decompiles/LevelUP/Shared/OverwriteDamageInteraction.cs
614,ItemStackMeleeWeaponStatsPatch.FromItemStack,xSkills,XSkills.ItemStackMeleeWeaponStatsPatch.FromItemStackPostfix,Postfix,/mnt/data/decompiles/Decompiles/xskills/ItemStackMeleeWeaponStatsPatch.cs
618,ItemStackMeleeWeaponStatsPatch.FromItemStack,xSkills,XSkills.ItemStackRangedStatsPatch.FromItemStackPostfix,Postfix,/mnt/data/decompiles/Decompiles/xskills/ItemStackRangedStatsPatch.cs
615,ItemStackMeleeWeaponStatsPatch.quality,xSkills,XSkills.ItemStackMeleeWeaponStatsPatch.FromItemStackPostfix,Postfix,/mnt/data/decompiles/Decompiles/xskills/ItemStackMeleeWeaponStatsPatch.cs
619,ItemStackMeleeWeaponStatsPatch.quality,xSkills,XSkills.ItemStackRangedStatsPatch.FromItemStackPostfix,Postfix,/mnt/data/decompiles/Decompiles/xskills/ItemStackRangedStatsPatch.cs
93,ItemWearable.GetHeldItemInfo,LevelUp,LevelUP.Shared.OverwriteBlockInteraction.GetHeldArmorInfoStart,Prefix,/mnt/data/decompiles/Decompiles/LevelUP/Shared/OverwriteBlockInteraction.cs
622,ItemWearable.GetWarmth,xSkills,XSkills.(unknownClass).GetWarmthPostfix,Postfix,/mnt/data/decompiles/Decompiles/xskills/ItemWearablePatch.cs
623,ItemWearable.GetWarmth,xSkills,XSkills.ItemWearablePatch.GetWarmthPostfix,Postfix,/mnt/data/decompiles/Decompiles/xskills/ItemWearablePatch.cs
97,ItemWearable.flatDamageReduction,LevelUp,LevelUP.Shared.OverwriteBlockInteraction.GetHeldArmorInfoStart,Prefix,/mnt/data/decompiles/Decompiles/LevelUP/Shared/OverwriteBlockInteraction.cs
94,ItemWearable.maxdurability,LevelUp,LevelUP.Shared.OverwriteBlockInteraction.GetHeldArmorInfoStart,Prefix,/mnt/data/decompiles/Decompiles/LevelUP/Shared/OverwriteBlockInteraction.cs
95,ItemWearable.relativeProtection,LevelUp,LevelUP.Shared.OverwriteBlockInteraction.GetHeldArmorInfoStart,Prefix,/mnt/data/decompiles/Decompiles/LevelUP/Shared/OverwriteBlockInteraction.cs
625,ItemWorkItem.GetHelveWorkableMode,xSkills,XSkills.(unknownClass).Postfix,,/mnt/data/decompiles/Decompiles/xskills/ItemWorkItemPatch.cs
626,ItemWorkItem.GetHelveWorkableMode,xSkills,XSkills.ItemWorkItemPatch.Postfix,,/mnt/data/decompiles/Decompiles/xskills/ItemWorkItemPatch.cs
627,ModSystemWearableStats,xSkills,XSkills.(unknownClass).Prepare,,/mnt/data/decompiles/Decompiles/xskills/ModSystemWearableStatsPatch.cs
630,ModSystemWearableStats.NextDouble,xSkills,XSkills.ModSystemWearableStatsPatch.applyShieldProtectionTranspiler,Transpiler,/mnt/data/decompiles/Decompiles/xskills/ModSystemWearableStatsPatch.cs
129,ModSystemWearableStats.applyShieldProtection,LevelUp,LevelUP.Shared.OverwriteDamageInteraction.ApplyShieldProtectionStart,Prefix,/mnt/data/decompiles/Decompiles/LevelUP/Shared/OverwriteDamageInteraction.cs
628,ModSystemWearableStats.applyShieldProtection,xSkills,XSkills.ModSystemWearableStatsPatch.applyShieldProtectionTranspiler,Transpiler,/mnt/data/decompiles/Decompiles/xskills/ModSystemWearableStatsPatch.cs
629,ModSystemWearableStats.combat,xSkills,XSkills.ModSystemWearableStatsPatch.applyShieldProtectionTranspiler,Transpiler,/mnt/data/decompiles/Decompiles/xskills/ModSystemWearableStatsPatch.cs
99,ModSystemWearableStats.flatDamageReduction,LevelUp,LevelUP.Shared.OverwriteBlockInteraction.HandleDamagedStart,Prefix,/mnt/data/decompiles/Decompiles/LevelUP/Shared/OverwriteBlockInteraction.cs
100,ModSystemWearableStats.handleDamaged,LevelUp,LevelUP.Shared.OverwriteBlockInteraction.HandleDamagedStart,Prefix,/mnt/data/decompiles/Decompiles/LevelUP/Shared/OverwriteBlockInteraction.cs
548,NewSlot,xSkills,XSkills.InventoryMixingBowlPatch.NewSlotPrefix,Prefix,/mnt/data/decompiles/Decompiles/xskills/InventoryMixingBowlPatch.cs
139,ShapeElement.GetLocalTransformMatrix,CombatOverhaul,CombatOverhaul.Integration.Transpilers.ClientAnimatorCalculateMatricesPatch.Transpiler,Transpiler,/mnt/data/decompiles/Decompiles/Overhaullib/Integration/Transpilers/CalculateMatricesPatches.cs
140,ShapeElement.OnFrameInvoke,CombatOverhaul,CombatOverhaul.Integration.Transpilers.ClientAnimatorCalculateMatricesPatch.Transpiler,Transpiler,/mnt/data/decompiles/Decompiles/Overhaullib/Integration/Transpilers/CalculateMatricesPatches.cs
141,ShapeElement.combatoverhaul,CombatOverhaul,CombatOverhaul.Integration.Transpilers.ClientAnimatorCalculateMatricesPatch.Transpiler,Transpiler,/mnt/data/decompiles/Decompiles/Overhaullib/Integration/Transpilers/CalculateMatricesPatches.cs
633,TradeItem.Resolve,xSkills,XSkills.(unknownClass).ResolvePostfix,Postfix,/mnt/data/decompiles/Decompiles/xskills/TradeItemPatch.cs
634,TradeItem.Resolve,xSkills,XSkills.TradeItemPatch.ResolvePostfix,Postfix,/mnt/data/decompiles/Decompiles/xskills/TradeItemPatch.cs
62,Vec3i.Hammer,LevelUp,LevelUP.Shared.OverwriteBlockInteraction.typeof,Prefix,/mnt/data/decompiles/Decompiles/LevelUP/Shared/OverwriteBlockInteraction.cs
63,Vec3i.Hit,LevelUp,LevelUP.Shared.OverwriteBlockInteraction.typeof,Prefix,/mnt/data/decompiles/Decompiles/LevelUP/Shared/OverwriteBlockInteraction.cs
64,Vec3i.OnUseOver,LevelUp,LevelUP.Shared.OverwriteBlockInteraction.typeof,Prefix,/mnt/data/decompiles/Decompiles/LevelUP/Shared/OverwriteBlockInteraction.cs
294,Vec3i.OnUseOver,xSkills,XSkills.BlockEntityClayFormPatch.typeof,Transpiler,/mnt/data/decompiles/Decompiles/xskills/BlockEntityClayFormPatch.cs
295,Vec3i.pottery,xSkills,XSkills.BlockEntityClayFormPatch.typeof,Transpiler,/mnt/data/decompiles/Decompiles/xskills/BlockEntityClayFormPatch.cs
296,bool.OnUseOver,xSkills,XSkills.BlockEntityClayFormPatch.typeof,Transpiler,/mnt/data/decompiles/Decompiles/xskills/BlockEntityClayFormPatch.cs
297,bool.pottery,xSkills,XSkills.BlockEntityClayFormPatch.typeof,Transpiler,/mnt/data/decompiles/Decompiles/xskills/BlockEntityClayFormPatch.cs
132,float.calculateMatrices,CombatOverhaul,CombatOverhaul.Integration.Transpilers.CalculateMatricesPatches.typeof,,/mnt/data/decompiles/Decompiles/Overhaullib/Integration/Transpilers/CalculateMatricesPatches.cs
134,float.combatoverhaul,CombatOverhaul,CombatOverhaul.Integration.Transpilers.CalculateMatricesPatches.Transpiler,Transpiler,/mnt/data/decompiles/Decompiles/Overhaullib/Integration/Transpilers/CalculateMatricesPatches.cs
286,husbandry,xSkills,XSkills.BlockEntityButcherWorkstationPatch.DropLootPrefix,Prefix,/mnt/data/decompiles/Decompiles/xskills/BlockEntityButcherWorkstationPatch.cs
142,int.GetLocalTransformMatrix,CombatOverhaul,CombatOverhaul.Integration.Transpilers.ClientAnimatorCalculateMatricesPatch.Transpiler,Transpiler,/mnt/data/decompiles/Decompiles/Overhaullib/Integration/Transpilers/CalculateMatricesPatches.cs
143,int.OnFrameInvoke,CombatOverhaul,CombatOverhaul.Integration.Transpilers.ClientAnimatorCalculateMatricesPatch.Transpiler,Transpiler,/mnt/data/decompiles/Decompiles/Overhaullib/Integration/Transpilers/CalculateMatricesPatches.cs
133,int.calculateMatrices,CombatOverhaul,CombatOverhaul.Integration.Transpilers.CalculateMatricesPatches.typeof,,/mnt/data/decompiles/Decompiles/Overhaullib/Integration/Transpilers/CalculateMatricesPatches.cs
135,int.combatoverhaul,CombatOverhaul,CombatOverhaul.Integration.Transpilers.CalculateMatricesPatches.Transpiler,Transpiler,/mnt/data/decompiles/Decompiles/Overhaullib/Integration/Transpilers/CalculateMatricesPatches.cs
144,int.combatoverhaul,CombatOverhaul,CombatOverhaul.Integration.Transpilers.ClientAnimatorCalculateMatricesPatch.Transpiler,Transpiler,/mnt/data/decompiles/Decompiles/Overhaullib/Integration/Transpilers/CalculateMatricesPatches.cs
24,levelup_block_interaction,LevelUp,LevelUP.Shared.(unknownClass).OverwriteNativeFunctions,,/mnt/data/decompiles/Decompiles/LevelUP/Shared/OverwriteBlockInteraction.cs
1,levelup_blockbreak,LevelUp,LevelUP.Shared.(unknownClass).OverwriteNativeFunctions,,/mnt/data/decompiles/Decompiles/LevelUP/Shared/OverwriteBlockBreak.cs
118,levelup_damageinteraction,LevelUp,LevelUP.Shared.(unknownClass).OverwriteNativeFunctions,,/mnt/data/decompiles/Decompiles/LevelUP/Shared/OverwriteDamageInteraction.cs
